{"forces": {"__ndarray__": [[4, 3], "float64", [-0.0005283616996442514, 0.1046636961586778, 0.04335831238097694, 0.0006373764736827733, -0.10647683810801661, -0.15578545453515752, 4.062342994831713e-05, 0.026960844859560018, 0.08428641805390645, -0.0001496382039868391, -0.025147702910221205, 0.028140981210590246]]}, "dipole": {"__ndarray__": [[3], "float64", [0.0, 0.0, -0.00012491661108673553]]}}