{"forces": {"__ndarray__": [[4, 3], "float64", [-0.0005864686310893126, -0.12599922441166042, -0.00010541522961272168, 0.0004717974300959616, 0.051674545556156165, -9.333104475467797e-05, 5.579293859990391e-05, 0.03716015399006503, -9.564503759983528e-05, 5.86211520773184e-05, 0.03716452486543922, 0.00029439131196723494]]}, "dipole": {"__ndarray__": [[3], "float64", [0.0, 0.0, -6.245830554336776e-05]]}}