{"forces": {"__ndarray__": [[4, 3], "float64", [-0.0005018793370830066, 0.10363294090131829, 0.0008957723413920057, 0.0005815835350828694, -0.10298502290467423, 0.0008700613097791468, -4.1908981528960084e-05, -0.0003100750412510789, 0.026217538935632265, -3.7795216470902645e-05, -0.00033784295539296654, -0.027983372586803418]]}, "dipole": {"__ndarray__": [[3], "float64", [0.0, 0.0, -0.0009576940183316392]]}}