{"forces": {"__ndarray__": [[4, 3], "float64", [-0.0006222069650311864, 0.07679165233875808, 0.05555768266064626, 0.0007391921588696947, -0.07621315412746874, 0.05553248584966565, -5.682137986441827e-05, -0.00028102157552854827, -0.1072661667785314, -6.016381397408994e-05, -0.000297476635760778, -0.0038240017317805104]]}, "dipole": {"__ndarray__": [[3], "float64", [0.0, 0.0, 0.00010409717590561297]]}}