{"forces": {"__ndarray__": [[4, 3], "float64", [-0.0003548122362574534, -0.051095790234550714, -9.898747170950695e-05, 0.0007034538249278208, 0.12657617996105297, -0.00010078724392240706, -0.00017457790465131223, -0.03773942353230275, -8.02184186321199e-05, -0.00017406368401905506, -0.03774096619419952, 0.00027999313426403395]]}, "dipole": {"__ndarray__": [[3], "float64", [0.0, 0.0, -6.245830554336776e-05]]}}