{"forces": {"__ndarray__": [[4, 3], "float64", [-0.0004993082339217207, 0.10714043983394451, 0.15580319514697039, 0.0006276062816698868, -0.10405357337850467, -0.04337296766899627, 2.8282134774144842e-05, 0.02452189640076422, -0.028145609196280556, -0.00015658018252231098, -0.027608762856204064, -0.08428436117137743]]}, "dipole": {"__ndarray__": [[3], "float64", [0.0, 0.0, 0.00012491661108673553]]}}