{"forces": {"__ndarray__": [[4, 3], "float64", [-0.0006330055983085872, 0.06562895085371924, -0.02480086109376374, 0.0004818247324249767, -0.14237792287999995, 0.02728917473325623, -8.613195590307747e-05, -0.016399267293629824, 0.026804264677037705, 0.00023731282178668806, 0.09314798220959443, -0.029292835426846322]]}, "dipole": {"__ndarray__": [[3], "float64", [0.0, 0.0, -0.00010409717590561297]]}}