{"forces": {"__ndarray__": [[4, 3], "float64", [-0.0003861796948251414, 0.34274064980490004, -4.036631963218854e-05, 0.0007433059239277521, -0.26392296817504873, -5.0650732277332126e-05, -0.00017843455939324106, -0.039405755491132136, 0.05694942080185031, -0.0001786916697093697, -0.039411926138719224, -0.056858403749940785]]}, "dipole": {"__ndarray__": [[3], "float64", [0.0, 0.0, -0.00010409717590561297]]}}