{"forces": {"__ndarray__": [[4, 3], "float64", [0.0048832962342303, 0.10341516846355739, -0.0007263366430632652, 0.005916879705067229, -0.10259267256226202, -0.0005206483901603937, -0.014752989939458462, -0.0005725846740183687, 0.02745321111494627, 0.0039528140001609344, -0.00024991122727698896, -0.02620596897140648]]}, "dipole": {"__ndarray__": [[3], "float64", [0.0, 0.0, 0.0009576940183316392]]}}