{"forces": {"__ndarray__": [[4, 3], "float64", [0.21168380836467413, 0.10173649520955381, -2.4425480032215997e-05, -0.20088260398411212, -0.10140328023985117, -2.802502445801625e-05, -0.005401373521229408, -0.0001660932642190688, 0.027733461359526427, -0.005399830859332635, -0.00016686459516745454, -0.027681010855036194]]}, "dipole": {"__ndarray__": [[3], "float64", [0.0, 0.0, -0.00010409717590561297]]}}