{"forces": {"__ndarray__": [[4, 3], "float64", [-0.00038309437103159824, 0.14302712642822465, 0.026875998455237585, 0.0007114242447278071, -0.06500442989584289, -0.025194754098072737, -7.970419799986272e-06, 0.01577423211512122, 0.027200471674191862, -0.00032035945389622246, -0.09379667153718685, -0.02888171603135671]]}, "dipole": {"__ndarray__": [[3], "float64", [0.0, 0.0, 0.00033311096289796147]]}}