{"forces": {"__ndarray__": [[4, 3], "float64", [-0.0004059771891670427, 0.14401571559373905, -0.027379163343901235, 0.0007535903365728957, -0.06683814067047199, 0.02475766656065414, -0.0003360431831800664, -0.09338375236948433, 0.029837137966090548, -1.1569964225786526e-05, 0.01620617744621725, -0.027215641182843454]]}, "dipole": {"__ndarray__": [[3], "float64", [0.0, 0.0, -4.163887036224518e-05]]}}