{"forces": {"__ndarray__": [[4, 3], "float64", [-0.0006468895553795311, 0.06745160588475481, 0.024846626730034627, 0.0005180772869991077, -0.14343027540391426, -0.02727966165155947, 0.0002272855194576731, 0.09278288556069182, 0.029733522508690727, -9.847325107724975e-05, -0.016803958931216223, -0.027300487587165887]]}, "dipole": {"__ndarray__": [[3], "float64", [0.0, 0.0, -8.327774072449037e-05]]}}