{"forces": {"__ndarray__": [[4, 3], "float64", [-0.20212521814196155, 0.10228054063848192, -8.51035146385631e-05, 0.21294904823034294, -0.10094356699461325, -8.613195590307747e-05, -0.005411143713242293, -0.0006674583806698182, 0.02759256490628796, -0.0054126863751390655, -0.0006692581528827183, -0.027421329435746326]]}, "dipole": {"__ndarray__": [[3], "float64", [0.0, 0.0, -8.327774072449037e-05]]}}