{"forces": {"__ndarray__": [[4, 3], "float64", [-0.0005188486179474936, 0.10469274962440034, -0.0433948220458672, 0.0006324913776763301, -0.1065370019219907, 0.15576077194480917, -0.00015272352778038212, -0.02513433317378252, -0.028115784399609642, 3.933787836767419e-05, 0.02697858547137289, -0.08425016549933233]]}, "dipole": {"__ndarray__": [[3], "float64", [0.0, 0.0, 0.00010409717590561297]]}}