{"forces": {"__ndarray__": [[4, 3], "float64", [-0.0005103639775152502, 0.10711472880233165, -0.15582350686194457, 0.0006327484879924587, -0.1040412320833305, 0.04336114059445435, -0.00015040953493522484, -0.027607220194307294, 0.08429413136339031, 2.802502445801625e-05, 0.024533723475306135, 0.028168234904099875]]}, "dipole": {"__ndarray__": [[3], "float64", [0.0, 0.0, -0.00012491661108673553]]}}