{"forces": {"__ndarray__": [[4, 3], "float64", [-0.0004257746835089441, 0.13398172839650474, 0.056893627863250404, 0.0005509874074635672, -0.13335360789420259, 0.05689568474577943, -6.993400598697633e-05, -0.00031238903409623624, 0.05120146257447956, -5.5278717967646735e-05, -0.00031573146820590783, -0.1649905180731933]]}, "dipole": {"__ndarray__": [[3], "float64", [0.0, 0.0, 0.00012491661108673553]]}}