{"forces": {"__ndarray__": [[4, 3], "float64", [-0.005832033300744795, 0.10315111616889333, -0.0006661728290891753, -0.004800763822753022, -0.10275722316458433, -0.00045919902460566075, -0.004039460176696269, -0.0003584117806832537, 0.027377106461372206, 0.014672257300194086, -3.5224113309616756e-05, -0.026251734607677372]]}, "dipole": {"__ndarray__": [[3], "float64", [0.0, 0.0, 0.00029147209253571626]]}}