{"forces": {"__ndarray__": [[4, 3], "float64", [-0.00043451643425731617, 0.13393210610549192, -0.05691959600517939, 0.0005422456567151951, -0.13330655670635105, -0.05691651068138585, -4.85938497483034e-05, -0.0003136745856768791, 0.16500903001595452, -5.913537270957558e-05, -0.00031187481346397903, -0.051172666219073154]]}, "dipole": {"__ndarray__": [[3], "float64", [0.0, 0.0, -0.00014573604626785813]]}}