{"forces": {"__ndarray__": [[4, 3], "float64", [-0.0006360909221021304, 0.26451483612277676, -3.7538106154774063e-05, 0.0004915949244378631, -0.3421297556937785, -3.239589983220227e-05, 7.173377819987646e-05, 0.038806174233920264, 0.05692319554960519, 7.301932978051941e-05, 0.038808745337081556, -0.056853261543618215]]}, "dipole": {"__ndarray__": [[3], "float64", [0.0, 0.0, -0.00010409717590561297]]}}