{"forces": {"__ndarray__": [[4, 3], "float64", [0.004818247324249766, 0.10481359147298078, -0.0003476131474058529, 0.005999155006228377, -0.10398003982809188, -0.0005324754647023088, 0.003937901601825476, -0.0002545392129673036, 0.02772163428498452, -0.014755046821987493, -0.0005787553216054549, -0.026841545672876353]]}, "dipole": {"__ndarray__": [[3], "float64", [0.0, 0.0, -4.163887036224518e-05]]}}