{"forces": {"__ndarray__": [[4, 3], "float64", [-0.0006314629364118157, 0.07678599591180324, -0.05557825148593654, 0.0007469054683535524, -0.07621109724493973, -0.05556745285265914, -5.707849018054686e-05, -0.00029207731912207763, 0.0038576831831933557, -5.836404176118981e-05, -0.0002828213477414484, 0.10728802115540233]]}, "dipole": {"__ndarray__": [[3], "float64", [0.0, 0.0, -0.00012491661108673553]]}}