{"forces": {"__ndarray__": [[4, 3], "float64", [-0.21282563527860118, 0.10155111867162511, -8.690328685146323e-05, 0.20223217603347107, -0.10169792866213453, -8.458929400630593e-05, 0.0052951869606683, 7.404777104503376e-05, 0.02760027821577182, 0.0052982722844618435, 7.276221946439081e-05, -0.02742904274523018]]}, "dipole": {"__ndarray__": [[3], "float64", [0.0, 0.0, -6.245830554336776e-05]]}}