{"forces": {"__ndarray__": [[4, 3], "float64", [0.20101630134849896, 0.10060006761226545, 0.0009307393443854938, -0.21163829983871937, -0.09973052052311855, 0.0009446233014564375, 0.005307271145526343, -0.00043400221362505906, 0.02630752754627727, 0.005314470234377944, -0.00043554487552183055, -0.028182890192119205]]}, "dipole": {"__ndarray__": [[3], "float64", [0.0, 0.0, -0.0009993328886938842]]}}