{"forces": {"__ndarray__": [[4, 3], "float64", [-0.0058898831218737275, 0.104588105725736, 0.0003185596816833223, -0.004710775212108016, -0.1042338077101108, 0.00013215470249009498, 0.014647060489213484, -1.4141067387072421e-05, 0.027055461455895338, -0.004046402155231741, -0.00034015694823812386, -0.02750617584006876]]}, "dipole": {"__ndarray__": [[3], "float64", [0.0, 0.0, -0.00010409717590561297]]}}